card_number,variant,format_size,url
001,sticker,100x100mm,https://abdulqodir082.github.io/review-cards/r.html?id=001
002,sticker,100x100mm,https://abdulqodir082.github.io/review-cards/r.html?id=002
003,sticker,100x100mm,https://abdulqodir082.github.io/review-cards/r.html?id=003
004,sticker,100x100mm,https://abdulqodir082.github.io/review-cards/r.html?id=004
005,sticker,100x100mm,https://abdulqodir082.github.io/review-cards/r.html?id=005
006,sticker,100x100mm,https://abdulqodir082.github.io/review-cards/r.html?id=006
007,sticker,100x100mm,https://abdulqodir082.github.io/review-cards/r.html?id=007
008,sticker,100x100mm,https://abdulqodir082.github.io/review-cards/r.html?id=008
009,sticker,100x100mm,https://abdulqodir082.github.io/review-cards/r.html?id=009
010,sticker,100x100mm,https://abdulqodir082.github.io/review-cards/r.html?id=010
011,sticker,100x100mm,https://abdulqodir082.github.io/review-cards/r.html?id=011
012,sticker,100x100mm,https://abdulqodir082.github.io/review-cards/r.html?id=012
013,sticker,100x100mm,https://abdulqodir082.github.io/review-cards/r.html?id=013
014,sticker,100x100mm,https://abdulqodir082.github.io/review-cards/r.html?id=014
015,sticker,100x100mm,https://abdulqodir082.github.io/review-cards/r.html?id=015
016,sticker,100x100mm,https://abdulqodir082.github.io/review-cards/r.html?id=016
017,sticker,100x100mm,https://abdulqodir082.github.io/review-cards/r.html?id=017
018,sticker,100x100mm,https://abdulqodir082.github.io/review-cards/r.html?id=018
019,sticker,100x100mm,https://abdulqodir082.github.io/review-cards/r.html?id=019
020,sticker,100x100mm,https://abdulqodir082.github.io/review-cards/r.html?id=020
021,sticker,100x100mm,https://abdulqodir082.github.io/review-cards/r.html?id=021
022,sticker,100x100mm,https://abdulqodir082.github.io/review-cards/r.html?id=022
023,sticker,100x100mm,https://abdulqodir082.github.io/review-cards/r.html?id=023
024,sticker,100x100mm,https://abdulqodir082.github.io/review-cards/r.html?id=024
025,sticker,100x100mm,https://abdulqodir082.github.io/review-cards/r.html?id=025
026,sticker,100x100mm,https://abdulqodir082.github.io/review-cards/r.html?id=026
027,sticker,100x100mm,https://abdulqodir082.github.io/review-cards/r.html?id=027
028,sticker,100x100mm,https://abdulqodir082.github.io/review-cards/r.html?id=028
029,sticker,100x100mm,https://abdulqodir082.github.io/review-cards/r.html?id=029
030,sticker,100x100mm,https://abdulqodir082.github.io/review-cards/r.html?id=030
031,sticker,100x100mm,https://abdulqodir082.github.io/review-cards/r.html?id=031
032,sticker,100x100mm,https://abdulqodir082.github.io/review-cards/r.html?id=032
033,sticker,100x100mm,https://abdulqodir082.github.io/review-cards/r.html?id=033
034,sticker,100x100mm,https://abdulqodir082.github.io/review-cards/r.html?id=034
035,sticker,100x100mm,https://abdulqodir082.github.io/review-cards/r.html?id=035
036,sticker,100x100mm,https://abdulqodir082.github.io/review-cards/r.html?id=036
037,sticker,100x100mm,https://abdulqodir082.github.io/review-cards/r.html?id=037
038,sticker,100x100mm,https://abdulqodir082.github.io/review-cards/r.html?id=038
039,sticker,100x100mm,https://abdulqodir082.github.io/review-cards/r.html?id=039
040,sticker,100x100mm,https://abdulqodir082.github.io/review-cards/r.html?id=040
041,sticker,100x100mm,https://abdulqodir082.github.io/review-cards/r.html?id=041
042,sticker,100x100mm,https://abdulqodir082.github.io/review-cards/r.html?id=042
043,sticker,100x100mm,https://abdulqodir082.github.io/review-cards/r.html?id=043
044,sticker,100x100mm,https://abdulqodir082.github.io/review-cards/r.html?id=044
045,sticker,100x100mm,https://abdulqodir082.github.io/review-cards/r.html?id=045
046,sticker,100x100mm,https://abdulqodir082.github.io/review-cards/r.html?id=046
047,sticker,100x100mm,https://abdulqodir082.github.io/review-cards/r.html?id=047
048,sticker,100x100mm,https://abdulqodir082.github.io/review-cards/r.html?id=048
049,sticker,100x100mm,https://abdulqodir082.github.io/review-cards/r.html?id=049
050,sticker,100x100mm,https://abdulqodir082.github.io/review-cards/r.html?id=050
051,sticker,100x100mm,https://abdulqodir082.github.io/review-cards/r.html?id=051
052,sticker,100x100mm,https://abdulqodir082.github.io/review-cards/r.html?id=052
053,sticker,100x100mm,https://abdulqodir082.github.io/review-cards/r.html?id=053
054,sticker,100x100mm,https://abdulqodir082.github.io/review-cards/r.html?id=054
055,sticker,100x100mm,https://abdulqodir082.github.io/review-cards/r.html?id=055
056,sticker,100x100mm,https://abdulqodir082.github.io/review-cards/r.html?id=056
057,sticker,100x100mm,https://abdulqodir082.github.io/review-cards/r.html?id=057
058,sticker,100x100mm,https://abdulqodir082.github.io/review-cards/r.html?id=058
059,sticker,100x100mm,https://abdulqodir082.github.io/review-cards/r.html?id=059
060,sticker,100x100mm,https://abdulqodir082.github.io/review-cards/r.html?id=060
061,sticker,100x100mm,https://abdulqodir082.github.io/review-cards/r.html?id=061
062,sticker,100x100mm,https://abdulqodir082.github.io/review-cards/r.html?id=062
063,sticker,100x100mm,https://abdulqodir082.github.io/review-cards/r.html?id=063
064,sticker,100x100mm,https://abdulqodir082.github.io/review-cards/r.html?id=064
065,sticker,100x100mm,https://abdulqodir082.github.io/review-cards/r.html?id=065
066,sticker,100x100mm,https://abdulqodir082.github.io/review-cards/r.html?id=066
067,sticker,100x100mm,https://abdulqodir082.github.io/review-cards/r.html?id=067
068,sticker,100x100mm,https://abdulqodir082.github.io/review-cards/r.html?id=068
069,sticker,100x100mm,https://abdulqodir082.github.io/review-cards/r.html?id=069
070,sticker,100x100mm,https://abdulqodir082.github.io/review-cards/r.html?id=070
071,sticker,100x100mm,https://abdulqodir082.github.io/review-cards/r.html?id=071
072,sticker,100x100mm,https://abdulqodir082.github.io/review-cards/r.html?id=072
073,sticker,100x100mm,https://abdulqodir082.github.io/review-cards/r.html?id=073
074,sticker,100x100mm,https://abdulqodir082.github.io/review-cards/r.html?id=074
075,sticker,100x100mm,https://abdulqodir082.github.io/review-cards/r.html?id=075
076,sticker,100x100mm,https://abdulqodir082.github.io/review-cards/r.html?id=076
077,sticker,100x100mm,https://abdulqodir082.github.io/review-cards/r.html?id=077
078,sticker,100x100mm,https://abdulqodir082.github.io/review-cards/r.html?id=078
079,sticker,100x100mm,https://abdulqodir082.github.io/review-cards/r.html?id=079
080,sticker,100x100mm,https://abdulqodir082.github.io/review-cards/r.html?id=080
081,sticker,100x100mm,https://abdulqodir082.github.io/review-cards/r.html?id=081
082,sticker,100x100mm,https://abdulqodir082.github.io/review-cards/r.html?id=082
083,sticker,100x100mm,https://abdulqodir082.github.io/review-cards/r.html?id=083
084,sticker,100x100mm,https://abdulqodir082.github.io/review-cards/r.html?id=084
085,sticker,100x100mm,https://abdulqodir082.github.io/review-cards/r.html?id=085
086,sticker,100x100mm,https://abdulqodir082.github.io/review-cards/r.html?id=086
087,sticker,100x100mm,https://abdulqodir082.github.io/review-cards/r.html?id=087
088,sticker,100x100mm,https://abdulqodir082.github.io/review-cards/r.html?id=088
089,sticker,100x100mm,https://abdulqodir082.github.io/review-cards/r.html?id=089
090,sticker,100x100mm,https://abdulqodir082.github.io/review-cards/r.html?id=090
091,sticker,100x100mm,https://abdulqodir082.github.io/review-cards/r.html?id=091
092,sticker,100x100mm,https://abdulqodir082.github.io/review-cards/r.html?id=092
093,sticker,100x100mm,https://abdulqodir082.github.io/review-cards/r.html?id=093
094,sticker,100x100mm,https://abdulqodir082.github.io/review-cards/r.html?id=094
095,sticker,100x100mm,https://abdulqodir082.github.io/review-cards/r.html?id=095
096,sticker,100x100mm,https://abdulqodir082.github.io/review-cards/r.html?id=096
097,sticker,100x100mm,https://abdulqodir082.github.io/review-cards/r.html?id=097
098,sticker,100x100mm,https://abdulqodir082.github.io/review-cards/r.html?id=098
099,sticker,100x100mm,https://abdulqodir082.github.io/review-cards/r.html?id=099
100,sticker,100x100mm,https://abdulqodir082.github.io/review-cards/r.html?id=100
101,stand,127.5x76x50mm,https://abdulqodir082.github.io/review-cards/r.html?id=101
102,stand,127.5x76x50mm,https://abdulqodir082.github.io/review-cards/r.html?id=102
103,stand,127.5x76x50mm,https://abdulqodir082.github.io/review-cards/r.html?id=103
104,stand,127.5x76x50mm,https://abdulqodir082.github.io/review-cards/r.html?id=104
105,stand,127.5x76x50mm,https://abdulqodir082.github.io/review-cards/r.html?id=105
106,stand,127.5x76x50mm,https://abdulqodir082.github.io/review-cards/r.html?id=106
107,stand,127.5x76x50mm,https://abdulqodir082.github.io/review-cards/r.html?id=107
108,stand,127.5x76x50mm,https://abdulqodir082.github.io/review-cards/r.html?id=108
109,stand,127.5x76x50mm,https://abdulqodir082.github.io/review-cards/r.html?id=109
110,stand,127.5x76x50mm,https://abdulqodir082.github.io/review-cards/r.html?id=110
111,stand,127.5x76x50mm,https://abdulqodir082.github.io/review-cards/r.html?id=111
112,stand,127.5x76x50mm,https://abdulqodir082.github.io/review-cards/r.html?id=112
113,stand,127.5x76x50mm,https://abdulqodir082.github.io/review-cards/r.html?id=113
114,stand,127.5x76x50mm,https://abdulqodir082.github.io/review-cards/r.html?id=114
115,stand,127.5x76x50mm,https://abdulqodir082.github.io/review-cards/r.html?id=115
116,stand,127.5x76x50mm,https://abdulqodir082.github.io/review-cards/r.html?id=116
117,stand,127.5x76x50mm,https://abdulqodir082.github.io/review-cards/r.html?id=117
118,stand,127.5x76x50mm,https://abdulqodir082.github.io/review-cards/r.html?id=118
119,stand,127.5x76x50mm,https://abdulqodir082.github.io/review-cards/r.html?id=119
120,stand,127.5x76x50mm,https://abdulqodir082.github.io/review-cards/r.html?id=120
121,stand,127.5x76x50mm,https://abdulqodir082.github.io/review-cards/r.html?id=121
122,stand,127.5x76x50mm,https://abdulqodir082.github.io/review-cards/r.html?id=122
123,stand,127.5x76x50mm,https://abdulqodir082.github.io/review-cards/r.html?id=123
124,stand,127.5x76x50mm,https://abdulqodir082.github.io/review-cards/r.html?id=124
125,stand,127.5x76x50mm,https://abdulqodir082.github.io/review-cards/r.html?id=125
126,stand,127.5x76x50mm,https://abdulqodir082.github.io/review-cards/r.html?id=126
127,stand,127.5x76x50mm,https://abdulqodir082.github.io/review-cards/r.html?id=127
128,stand,127.5x76x50mm,https://abdulqodir082.github.io/review-cards/r.html?id=128
129,stand,127.5x76x50mm,https://abdulqodir082.github.io/review-cards/r.html?id=129
130,stand,127.5x76x50mm,https://abdulqodir082.github.io/review-cards/r.html?id=130
131,stand,127.5x76x50mm,https://abdulqodir082.github.io/review-cards/r.html?id=131
132,stand,127.5x76x50mm,https://abdulqodir082.github.io/review-cards/r.html?id=132
133,stand,127.5x76x50mm,https://abdulqodir082.github.io/review-cards/r.html?id=133
134,stand,127.5x76x50mm,https://abdulqodir082.github.io/review-cards/r.html?id=134
135,stand,127.5x76x50mm,https://abdulqodir082.github.io/review-cards/r.html?id=135
136,stand,127.5x76x50mm,https://abdulqodir082.github.io/review-cards/r.html?id=136
137,stand,127.5x76x50mm,https://abdulqodir082.github.io/review-cards/r.html?id=137
138,stand,127.5x76x50mm,https://abdulqodir082.github.io/review-cards/r.html?id=138
139,stand,127.5x76x50mm,https://abdulqodir082.github.io/review-cards/r.html?id=139
140,stand,127.5x76x50mm,https://abdulqodir082.github.io/review-cards/r.html?id=140
141,stand,127.5x76x50mm,https://abdulqodir082.github.io/review-cards/r.html?id=141
142,stand,127.5x76x50mm,https://abdulqodir082.github.io/review-cards/r.html?id=142
143,stand,127.5x76x50mm,https://abdulqodir082.github.io/review-cards/r.html?id=143
144,stand,127.5x76x50mm,https://abdulqodir082.github.io/review-cards/r.html?id=144
145,stand,127.5x76x50mm,https://abdulqodir082.github.io/review-cards/r.html?id=145
146,stand,127.5x76x50mm,https://abdulqodir082.github.io/review-cards/r.html?id=146
147,stand,127.5x76x50mm,https://abdulqodir082.github.io/review-cards/r.html?id=147
148,stand,127.5x76x50mm,https://abdulqodir082.github.io/review-cards/r.html?id=148
149,stand,127.5x76x50mm,https://abdulqodir082.github.io/review-cards/r.html?id=149
150,stand,127.5x76x50mm,https://abdulqodir082.github.io/review-cards/r.html?id=150
151,stand,127.5x76x50mm,https://abdulqodir082.github.io/review-cards/r.html?id=151
152,stand,127.5x76x50mm,https://abdulqodir082.github.io/review-cards/r.html?id=152
153,stand,127.5x76x50mm,https://abdulqodir082.github.io/review-cards/r.html?id=153
154,stand,127.5x76x50mm,https://abdulqodir082.github.io/review-cards/r.html?id=154
155,stand,127.5x76x50mm,https://abdulqodir082.github.io/review-cards/r.html?id=155
156,stand,127.5x76x50mm,https://abdulqodir082.github.io/review-cards/r.html?id=156
157,stand,127.5x76x50mm,https://abdulqodir082.github.io/review-cards/r.html?id=157
158,stand,127.5x76x50mm,https://abdulqodir082.github.io/review-cards/r.html?id=158
159,stand,127.5x76x50mm,https://abdulqodir082.github.io/review-cards/r.html?id=159
160,stand,127.5x76x50mm,https://abdulqodir082.github.io/review-cards/r.html?id=160
161,stand,127.5x76x50mm,https://abdulqodir082.github.io/review-cards/r.html?id=161
162,stand,127.5x76x50mm,https://abdulqodir082.github.io/review-cards/r.html?id=162
163,stand,127.5x76x50mm,https://abdulqodir082.github.io/review-cards/r.html?id=163
164,stand,127.5x76x50mm,https://abdulqodir082.github.io/review-cards/r.html?id=164
165,stand,127.5x76x50mm,https://abdulqodir082.github.io/review-cards/r.html?id=165
166,stand,127.5x76x50mm,https://abdulqodir082.github.io/review-cards/r.html?id=166
167,stand,127.5x76x50mm,https://abdulqodir082.github.io/review-cards/r.html?id=167
168,stand,127.5x76x50mm,https://abdulqodir082.github.io/review-cards/r.html?id=168
169,stand,127.5x76x50mm,https://abdulqodir082.github.io/review-cards/r.html?id=169
170,stand,127.5x76x50mm,https://abdulqodir082.github.io/review-cards/r.html?id=170
171,stand,127.5x76x50mm,https://abdulqodir082.github.io/review-cards/r.html?id=171
172,stand,127.5x76x50mm,https://abdulqodir082.github.io/review-cards/r.html?id=172
173,stand,127.5x76x50mm,https://abdulqodir082.github.io/review-cards/r.html?id=173
174,stand,127.5x76x50mm,https://abdulqodir082.github.io/review-cards/r.html?id=174
175,stand,127.5x76x50mm,https://abdulqodir082.github.io/review-cards/r.html?id=175
176,stand,127.5x76x50mm,https://abdulqodir082.github.io/review-cards/r.html?id=176
177,stand,127.5x76x50mm,https://abdulqodir082.github.io/review-cards/r.html?id=177
178,stand,127.5x76x50mm,https://abdulqodir082.github.io/review-cards/r.html?id=178
179,stand,127.5x76x50mm,https://abdulqodir082.github.io/review-cards/r.html?id=179
180,stand,127.5x76x50mm,https://abdulqodir082.github.io/review-cards/r.html?id=180
181,stand,127.5x76x50mm,https://abdulqodir082.github.io/review-cards/r.html?id=181
182,stand,127.5x76x50mm,https://abdulqodir082.github.io/review-cards/r.html?id=182
183,stand,127.5x76x50mm,https://abdulqodir082.github.io/review-cards/r.html?id=183
184,stand,127.5x76x50mm,https://abdulqodir082.github.io/review-cards/r.html?id=184
185,stand,127.5x76x50mm,https://abdulqodir082.github.io/review-cards/r.html?id=185
186,stand,127.5x76x50mm,https://abdulqodir082.github.io/review-cards/r.html?id=186
187,stand,127.5x76x50mm,https://abdulqodir082.github.io/review-cards/r.html?id=187
188,stand,127.5x76x50mm,https://abdulqodir082.github.io/review-cards/r.html?id=188
189,stand,127.5x76x50mm,https://abdulqodir082.github.io/review-cards/r.html?id=189
190,stand,127.5x76x50mm,https://abdulqodir082.github.io/review-cards/r.html?id=190
191,stand,127.5x76x50mm,https://abdulqodir082.github.io/review-cards/r.html?id=191
192,stand,127.5x76x50mm,https://abdulqodir082.github.io/review-cards/r.html?id=192
193,stand,127.5x76x50mm,https://abdulqodir082.github.io/review-cards/r.html?id=193
194,stand,127.5x76x50mm,https://abdulqodir082.github.io/review-cards/r.html?id=194
195,stand,127.5x76x50mm,https://abdulqodir082.github.io/review-cards/r.html?id=195
196,stand,127.5x76x50mm,https://abdulqodir082.github.io/review-cards/r.html?id=196
197,stand,127.5x76x50mm,https://abdulqodir082.github.io/review-cards/r.html?id=197
198,stand,127.5x76x50mm,https://abdulqodir082.github.io/review-cards/r.html?id=198
199,stand,127.5x76x50mm,https://abdulqodir082.github.io/review-cards/r.html?id=199
200,stand,127.5x76x50mm,https://abdulqodir082.github.io/review-cards/r.html?id=200
